"";"Name";"Team";"Position";"height";"weight";"Age"
"1";"Adam_Donachie";"BAL";"Catcher";74;180;22,99
"2";"Paul_Bako";"BAL";"Catcher";74;215;34,69
"3";"Ramon_Hernandez";"BAL";"Catcher";72;210;30,78
"4";"Kevin_Millar";"BAL";"First_Baseman";72;210;35,43
"5";"Chris_Gomez";"BAL";"First_Baseman";73;188;35,71
"6";"Brian_Roberts";"BAL";"Second_Baseman";69;176;29,39
"7";"Miguel_Tejada";"BAL";"Shortstop";69;209;30,77
"8";"Melvin_Mora";"BAL";"Third_Baseman";71;200;35,07
"9";"Aubrey_Huff";"BAL";"Third_Baseman";76;231;30,19
"10";"Adam_Stern";"BAL";"Outfielder";71;180;27,05
"11";"Jeff_Fiorentino";"BAL";"Outfielder";73;188;23,88
"12";"Freddie_Bynum";"BAL";"Outfielder";73;180;26,96
"13";"Nick_Markakis";"BAL";"Outfielder";74;185;23,29
"14";"Brandon_Fahey";"BAL";"Outfielder";74;160;26,11
"15";"Corey_Patterson";"BAL";"Outfielder";69;180;27,55
"16";"Jay_Payton";"BAL";"Outfielder";70;185;34,27
"17";"Jay_Gibbons";"BAL";"Designated_Hitter";72;197;30
"18";"Erik_Bedard";"BAL";"Starting_Pitcher";73;189;27,99
"19";"Hayden_Penn";"BAL";"Starting_Pitcher";75;185;22,38
"20";"Adam_Loewen";"BAL";"Starting_Pitcher";78;219;22,89
"21";"Daniel_Cabrera";"BAL";"Starting_Pitcher";79;230;25,76
"22";"Steve_Trachsel";"BAL";"Starting_Pitcher";76;205;36,33
"23";"Jaret_Wright";"BAL";"Starting_Pitcher";74;230;31,17
"24";"Kris_Benson";"BAL";"Starting_Pitcher";76;195;32,31
"25";"Scott_Williamson";"BAL";"Relief_Pitcher";72;180;31,03
"26";"John_Parrish";"BAL";"Relief_Pitcher";71;192;29,26
"27";"Danys_Baez";"BAL";"Relief_Pitcher";75;225;29,47
"28";"Chad_Bradford";"BAL";"Relief_Pitcher";77;203;32,46
"29";"Jamie_Walker";"BAL";"Relief_Pitcher";74;195;35,67
"30";"Brian_Burres";"BAL";"Relief_Pitcher";73;182;25,89
"31";"Kurt_Birkins";"BAL";"Relief_Pitcher";74;188;26,55
"32";"James_Hoey";"BAL";"Relief_Pitcher";78;200;24,17
"33";"Sendy_Rleal";"BAL";"Relief_Pitcher";73;180;26,69
"34";"Chris_Ray";"BAL";"Relief_Pitcher";75;200;25,13
"35";"Jeremy_Guthrie";"BAL";"Relief_Pitcher";73;200;27,9
"36";"A.J._Pierzynski";"CWS";"Catcher";75;245;30,17
"37";"Toby_Hall";"CWS";"Catcher";75;240;31,36
"38";"Paul_Konerko";"CWS";"First_Baseman";74;215;30,99
"39";"Tadahito_Iguchi";"CWS";"Second_Baseman";69;185;32,24
"40";"Juan_Uribe";"CWS";"Shortstop";71;175;27,61
"41";"Alex_Cintron";"CWS";"Shortstop";74;199;28,2
"42";"Joe_Crede";"CWS";"Third_Baseman";73;200;28,85
"43";"Josh_Fields";"CWS";"Third_Baseman";73;215;24,21
"44";"Ryan_Sweeney";"CWS";"Outfielder";76;200;22,02
"45";"Brian_N._Anderson";"CWS";"Outfielder";74;205;24,97
"46";"Luis_Terrero";"CWS";"Outfielder";74;206;26,78
"47";"Pablo_Ozuna";"CWS";"Outfielder";70;186;32,51
"48";"Scott_Podsednik";"CWS";"Outfielder";72;188;30,95
"49";"Jermaine_Dye";"CWS";"Outfielder";77;220;33,09
"50";"Darin_Erstad";"CWS";"Outfielder";74;210;32,74
"51";"Rob_Mackowiak";"CWS";"Outfielder";70;195;30,69
"52";"Jim_Thome";"CWS";"Designated_Hitter";76;244;36,51
"53";"Jerry_Owens";"CWS";"Designated_Hitter";75;195;26,03
"54";"Charlie_Haeger";"CWS";"Starting_Pitcher";73;200;23,45
"55";"Heath_Phillips";"CWS";"Starting_Pitcher";75;200;24,94
"56";"Gavin_Floyd";"CWS";"Starting_Pitcher";76;212;24,09
"57";"Jose_Contreras";"CWS";"Starting_Pitcher";76;224;35,23
"58";"Jon_Garland";"CWS";"Starting_Pitcher";78;210;27,43
"59";"Javier_Vazquez";"CWS";"Starting_Pitcher";74;205;30,6
"60";"Mark_Buehrle";"CWS";"Starting_Pitcher";74;220;27,94
"61";"Mike_MacDougal";"CWS";"Relief_Pitcher";76;195;29,99
"62";"David_Aardsma";"CWS";"Relief_Pitcher";77;200;25,17
"63";"Andrew_Sisco";"CWS";"Relief_Pitcher";81;260;24,13
"64";"Matt_Thornton";"CWS";"Relief_Pitcher";78;228;30,46
"65";"Bobby_Jenks";"CWS";"Relief_Pitcher";75;270;25,96
"66";"Boone_Logan";"CWS";"Relief_Pitcher";77;200;22,55
"67";"Sean_Tracey";"CWS";"Relief_Pitcher";75;210;26,29
"68";"Nick_Masset";"CWS";"Relief_Pitcher";76;190;24,79
"69";"Jose_Molina";"ANA";"Catcher";74;220;31,74
"70";"Jeff_Mathis";"ANA";"Catcher";72;180;23,92
"71";"Mike_Napoli";"ANA";"Catcher";72;205;25,33
"72";"Casey_Kotchman";"ANA";"First_Baseman";75;210;24,02
"73";"Kendry_Morales";"ANA";"First_Baseman";73;220;23,7
"74";"Shea_Hillenbrand";"ANA";"First_Baseman";73;211;31,59
"75";"Robb_Quinlan";"ANA";"First_Baseman";73;200;29,95
"76";"Howie_Kendrick";"ANA";"First_Baseman";70;180;23,64
"77";"Orlando_Cabrera";"ANA";"Shortstop";70;190;32,33
"78";"Erick_Aybar";"ANA";"Shortstop";70;170;23,13
"79";"Dallas_McPherson";"ANA";"Third_Baseman";76;230;26,6
"80";"Maicer_Izturis";"ANA";"Third_Baseman";68;155;26,46
"81";"Reggie_Willits";"ANA";"Outfielder";71;185;25,75
"82";"Tommy_Murphy";"ANA";"Outfielder";72;185;27,51
"83";"Terry_Evans";"ANA";"Outfielder";75;200;25,11
"84";"Gary_Matthews_Jr.";"ANA";"Outfielder";75;225;32,51
"85";"Garret_Anderson";"ANA";"Outfielder";75;225;34,67
"86";"Vladimir_Guerrero";"ANA";"Outfielder";75;220;31,06
"87";"Chone_Figgins";"ANA";"Outfielder";68;160;29,1
"88";"Juan_Rivera";"ANA";"Outfielder";74;205;28,66
"89";"John_Lackey";"ANA";"Starting_Pitcher";78;235;28,35
"90";"Bartolo_Colon";"ANA";"Starting_Pitcher";71;250;33,77
"91";"Kelvim_Escobar";"ANA";"Starting_Pitcher";73;210;30,89
"92";"Dustin_Moseley";"ANA";"Starting_Pitcher";76;190;37,74
"93";"Ervin_Santana";"ANA";"Starting_Pitcher";74;160;24,14
"94";"Joe_Saunders";"ANA";"Starting_Pitcher";74;200;25,71
"95";"Jered_Weaver";"ANA";"Starting_Pitcher";79;205;24,41
"96";"Chris_Resop";"ANA";"Relief_Pitcher";75;222;24,32
"97";"Phil_Seibel";"ANA";"Relief_Pitcher";73;195;28,09
"98";"Justin_Speier";"ANA";"Relief_Pitcher";76;205;33,31
"99";"Darren_Oliver";"ANA";"Relief_Pitcher";74;220;36,4
"100";"Hector_Carrasco";"ANA";"Relief_Pitcher";74;220;37,36
"101";"Scot_Shields";"ANA";"Relief_Pitcher";73;170;31,61
"102";"Francisco_Rodriguez";"ANA";"Relief_Pitcher";72;185;25,14
"103";"Greg_Jones";"ANA";"Relief_Pitcher";74;195;30,29
"104";"Doug_Mirabelli";"BOS";"Catcher";73;220;36,37
"105";"Jason_Varitek";"BOS";"Catcher";74;230;34,89
"106";"George_Kottaras";"BOS";"Catcher";72;180;23,79
"107";"Kevin_Youkilis";"BOS";"First_Baseman";73;220;27,96
"108";"Dustin_Pedroia";"BOS";"Second_Baseman";69;180;23,54
"109";"Alex_Cora";"BOS";"Shortstop";72;180;31,37
"110";"Julio_Lugo";"BOS";"Shortstop";73;170;31,29
"111";"Mike_Lowell";"BOS";"Third_Baseman";75;210;33,01
"112";"Wily_Mo_Pe?a";"BOS";"Outfielder";75;215;25,1
"113";"J.D._Drew";"BOS";"Outfielder";73;200;31,28
"114";"Manny_Ramirez";"BOS";"Outfielder";72;213;34,75
"115";"Brandon_Moss";"BOS";"Outfielder";72;180;23,46
"116";"David_Murphy";"BOS";"Outfielder";76;192;25,37
"117";"Eric_Hinske";"BOS";"Outfielder";74;235;29,57
"118";"Coco_Crisp";"BOS";"Outfielder";72;185;27,33
"119";"David_Ortiz";"BOS";"Designated_Hitter";76;230;31,28
"120";"Curt_Schilling";"BOS";"Starting_Pitcher";77;235;40,29
"121";"Tim_Wakefield";"BOS";"Starting_Pitcher";74;210;40,58
"122";"Josh_Beckett";"BOS";"Starting_Pitcher";77;222;26,79
"123";"Matt_Clement";"BOS";"Starting_Pitcher";75;210;32,55
"124";"Jonathan_Papelbon";"BOS";"Starting_Pitcher";76;230;26,27
"125";"Kyle_Snyder";"BOS";"Starting_Pitcher";80;220;29,47
"126";"Devern_Hansack";"BOS";"Starting_Pitcher";74;180;29,07
"127";"Jon_Lester";"BOS";"Starting_Pitcher";74;190;23,15
"128";"Kason_Gabbard";"BOS";"Starting_Pitcher";75;200;24,9
"129";"Craig_Hansen";"BOS";"Relief_Pitcher";78;210;23,29
"130";"Hideki_Okajima";"BOS";"Relief_Pitcher";73;194;31,18
"131";"Craig_Breslow";"BOS";"Relief_Pitcher";73;180;26,56
"132";"Manny_Delcarmen";"BOS";"Relief_Pitcher";74;190;25,03
"133";"Brendan_Donnelly";"BOS";"Relief_Pitcher";75;240;35,66
"134";"Javier_Lopez";"BOS";"Relief_Pitcher";76;200;29,64
"135";"J.C._Romero";"BOS";"Relief_Pitcher";71;198;30,74
"136";"Joel_Pineiro";"BOS";"Relief_Pitcher";73;200;28,43
"137";"Julian_Tavarez";"BOS";"Relief_Pitcher";74;195;33,77
"138";"Mike_Timlin";"BOS";"Relief_Pitcher";76;210;40,97
"139";"Nick_DeBarr";"BOS";"Relief_Pitcher";76;220;23,52
"140";"Victor_Martinez";"CLE";"Catcher";74;190;28,19
"141";"Kelly_Shoppach";"CLE";"Catcher";73;210;26,84
"142";"Ryan_Garko";"CLE";"First_Baseman";74;225;26,16
"143";"Joe_Inglett";"CLE";"Second_Baseman";70;180;28,67
"144";"Josh_Barfield";"CLE";"Second_Baseman";72;185;24,2
"145";"Hector_Luna";"CLE";"Second_Baseman";73;170;27,08
"146";"Jhonny_Peralta";"CLE";"Shortstop";73;185;24,76
"147";"Andy_Marte";"CLE";"Third_Baseman";73;185;23,36
"148";"Ben_Francisco";"CLE";"Outfielder";73;180;25,35
"149";"Shin-Soo_Choo";"CLE";"Outfielder";71;178;24,63
"150";"Franklin_Gutierrez";"CLE";"Outfielder";74;175;24,02
"151";"Grady_Sizemore";"CLE";"Outfielder";74;200;24,58
"152";"Jason_Michaels";"CLE";"Outfielder";72;204;30,82
"153";"Trot_Nixon";"CLE";"Outfielder";74;211;32,89
"154";"David_Dellucci";"CLE";"Outfielder";71;190;33,33
"155";"Casey_Blake";"CLE";"Outfielder";74;210;33,52
"156";"Travis_Hafner";"CLE";"Designated_Hitter";75;240;29,74
"157";"Paul_Byrd";"CLE";"Starting_Pitcher";73;190;36,24
"158";"Cliff_Lee";"CLE";"Starting_Pitcher";75;190;28,5
"159";"Jake_Westbrook";"CLE";"Starting_Pitcher";75;185;29,42
"160";"C.C._Sabathia";"CLE";"Starting_Pitcher";79;290;26,61
"161";"Jeremy_Sowers";"CLE";"Starting_Pitcher";73;175;23,79
"162";"Rafael_Perez";"CLE";"Relief_Pitcher";75;185;24,96
"163";"Brian_Slocum";"CLE";"Relief_Pitcher";76;200;25,93
"164";"Edward_Mujica";"CLE";"Relief_Pitcher";74;220;22,81
"165";"Fernando_Cabrera";"CLE";"Relief_Pitcher";76;170;25,29
"166";"Tom_Mastny";"CLE";"Relief_Pitcher";78;220;26,07
"167";"Juan_Lara";"CLE";"Relief_Pitcher";74;190;26,09
"168";"Fausto_Carmona";"CLE";"Relief_Pitcher";76;220;23,23
"169";"Aaron_Fultz";"CLE";"Relief_Pitcher";72;205;33,49
"170";"Rafael_Betancourt";"CLE";"Relief_Pitcher";74;200;31,84
"171";"Roberto_Hernandez";"CLE";"Relief_Pitcher";76;250;42,3
"172";"Joe_Borowski";"CLE";"Relief_Pitcher";74;225;35,82
"173";"Matt_Miller";"CLE";"Relief_Pitcher";75;215;35,27
"174";"Jason_Davis";"CLE";"Relief_Pitcher";78;210;26,81
"175";"Mike_Piazza";"OAK";"Catcher";75;215;38,49
"176";"Jason_Kendall";"OAK";"Catcher";72;195;32,68
"177";"Adam_Melhuse";"OAK";"Catcher";74;200;34,93
"178";"Nick_Swisher";"OAK";"First_Baseman";72;194;26,26
"179";"Dan_Johnson";"OAK";"First_Baseman";74;220;27,56
"180";"Donald_Murphy";"OAK";"Second_Baseman";70;180;23,98
"181";"Mark_Ellis";"OAK";"Second_Baseman";71;180;29,73
"182";"Marco_Scutaro";"OAK";"Shortstop";70;170;31,33
"183";"Bobby_Crosby";"OAK";"Shortstop";75;195;27,13
"184";"Mark_Kiger";"OAK";"Shortstop";71;180;26,75
"185";"Antonio_Perez";"OAK";"Third_Baseman";71;170;27,09
"186";"Eric_Chavez";"OAK";"Third_Baseman";73;206;29,23
"187";"Milton_Bradley";"OAK";"Outfielder";72;205;28,88
"188";"Shannon_Stewart";"OAK";"Outfielder";71;200;33,01
"189";"Bobby_Kielty";"OAK";"Outfielder";73;225;30,57
"190";"Mark_Kotsay";"OAK";"Outfielder";72;201;31,24
"191";"Ryan_Goleski";"OAK";"Outfielder";75;225;24,95
"192";"Jeremy_Brown";"OAK";"Designated_Hitter";70;226;27,35
"193";"Jason_Windsor";"OAK";"Starting_Pitcher";74;233;24,62
"194";"David_Shafer";"OAK";"Starting_Pitcher";74;180;24,98
"195";"Joe_Blanton";"OAK";"Starting_Pitcher";75;225;26,22
"196";"Brad_Halsey";"OAK";"Starting_Pitcher";73;180;26,04
"197";"Dan_Haren";"OAK";"Starting_Pitcher";77;220;26,45
"198";"Rich_Harden";"OAK";"Starting_Pitcher";73;180;25,25
"199";"Joe_Kennedy";"OAK";"Starting_Pitcher";76;237;27,77
"200";"Esteban_Loaiza";"OAK";"Starting_Pitcher";75;215;35,16
"201";"Alan_Embree";"OAK";"Relief_Pitcher";74;190;37,1
"202";"Jay_Witasick";"OAK";"Relief_Pitcher";76;235;34,51
"203";"Justin_Duchscherer";"OAK";"Relief_Pitcher";75;190;29,28
"204";"Kiko_Calero";"OAK";"Relief_Pitcher";73;180;32,14
"205";"Chad_Gaudin";"OAK";"Relief_Pitcher";71;165;23,94
"206";"Lenny_DiNardo";"OAK";"Relief_Pitcher";76;195;27,45
"207";"Scott_Dunn";"OAK";"Relief_Pitcher";75;200;28,77
"208";"Huston_Street";"OAK";"Relief_Pitcher";72;190;23,58
"209";"Ron_Flores";"OAK";"Relief_Pitcher";71;190;27,56
"210";"Jay_Marshall";"OAK";"Relief_Pitcher";77;185;24,01
"211";"Marcus_McBeth";"OAK";"Relief_Pitcher";73;185;26,52
"212";"Jorge_Posada";"NYY";"Catcher";74;205;35,54
"213";"Wil_Nieves";"NYY";"Catcher";71;190;29,43
"214";"Andy_Phillips";"NYY";"First_Baseman";72;205;29,9
"215";"Doug_Mientkiewicz";"NYY";"First_Baseman";74;206;32,7
"216";"Josh_Phelps";"NYY";"First_Baseman";75;220;28,8
"217";"Miguel_Cairo";"NYY";"Second_Baseman";73;208;32,82
"218";"Robinson_Cano";"NYY";"Second_Baseman";72;170;24,36
"219";"Derek_Jeter";"NYY";"Shortstop";75;195;32,68
"220";"Alex_Rodriguez";"NYY";"Third_Baseman";75;210;31,59
"221";"Johnny_Damon";"NYY";"Outfielder";74;190;33,32
"222";"Bobby_Abreu";"NYY";"Outfielder";72;211;32,97
"223";"Hideki_Matsui";"NYY";"Outfielder";74;230;32,72
"224";"Melky_Cabrera";"NYY";"Outfielder";71;170;22,55
"225";"Kevin_Thompson";"NYY";"Outfielder";70;185;27,45
"226";"Jason_Giambi";"NYY";"Designated_Hitter";75;230;36,14
"227";"Mike_Mussina";"NYY";"Starting_Pitcher";74;185;38,23
"228";"Carl_Pavano";"NYY";"Starting_Pitcher";77;241;31,14
"229";"Andy_Pettitte";"NYY";"Starting_Pitcher";77;225;34,71
"230";"Darrell_Rasner";"NYY";"Starting_Pitcher";75;210;26,13
"231";"Jeff_Karstens";"NYY";"Starting_Pitcher";75;175;24,43
"232";"Humberto_Sanchez";"NYY";"Starting_Pitcher";78;230;23,76
"233";"Chien-Ming_Wang";"NYY";"Starting_Pitcher";75;200;26,92
"234";"Sean_Henn";"NYY";"Relief_Pitcher";76;215;25,85
"235";"Scott_Proctor";"NYY";"Relief_Pitcher";73;198;30,16
"236";"Brian_Bruney";"NYY";"Relief_Pitcher";75;226;25,03
"237";"Chris_Britton";"NYY";"Relief_Pitcher";75;278;24,21
"238";"T.J._Beam";"NYY";"Relief_Pitcher";79;215;26,51
"239";"Jose_Veras";"NYY";"Relief_Pitcher";77;230;26,36
"240";"Kyle_Farnsworth";"NYY";"Relief_Pitcher";76;240;30,88
"241";"Luis_Vizcaino";"NYY";"Relief_Pitcher";71;184;32,57
"242";"Mike_Myers";"NYY";"Relief_Pitcher";75;219;37,68
"243";"Mariano_Rivera";"NYY";"Relief_Pitcher";74;170;37,25
"244";"Ivan_Rodriguez";"DET";"Catcher";69;218;35,25
"245";"Vance_Wilson";"DET";"Catcher";71;190;33,95
"246";"Sean_Casey";"DET";"First_Baseman";76;225;32,66
"247";"Chris_Shelton";"DET";"First_Baseman";72;220;26,68
"248";"Omar_Infante";"DET";"Second_Baseman";72;176;25,18
"249";"Placido_Polanco";"DET";"Second_Baseman";70;190;31,39
"250";"Neifi_Perez";"DET";"Second_Baseman";72;197;33,74
"251";"Carlos_Guillen";"DET";"Shortstop";73;204;31,42
"252";"Ramon_Santiago";"DET";"Shortstop";71;167;27,5
"253";"Tony_Giarratano";"DET";"Shortstop";72;180;24,25
"254";"Brandon_Inge";"DET";"Third_Baseman";71;195;29,78
"255";"Craig_Monroe";"DET";"Outfielder";73;220;30
"256";"Magglio_Ordo?ez";"DET";"Outfielder";72;215;33,09
"257";"Curtis_Granderson";"DET";"Outfielder";73;185;25,96
"258";"Brent_Clevlen";"DET";"Outfielder";74;190;23,34
"259";"Marcus_Thames";"DET";"Outfielder";74;205;29,98
"260";"Gary_Sheffield";"DET";"Outfielder";72;205;38,28
"261";"Mike_Rabelo";"DET";"Designated_Hitter";73;200;27,12
"262";"Zach_Miner";"DET";"Starting_Pitcher";75;200;24,97
"263";"Jeremy_Bonderman";"DET";"Starting_Pitcher";74;210;24,34
"264";"Nate_Robertson";"DET";"Starting_Pitcher";74;215;29,49
"265";"Justin_Verlander";"DET";"Starting_Pitcher";77;200;24,02
"266";"Virgil_Vasquez";"DET";"Starting_Pitcher";75;205;24,73
"267";"Kenny_Rogers";"DET";"Starting_Pitcher";73;211;42,3
"268";"Mike_Maroth";"DET";"Starting_Pitcher";72;190;29,54
"269";"Fernando_Rodney";"DET";"Relief_Pitcher";71;208;29,95
"270";"Chad_Durbin";"DET";"Relief_Pitcher";74;200;29,24
"271";"Jason_Grilli";"DET";"Relief_Pitcher";77;210;30,3
"272";"Jose_Mesa";"DET";"Relief_Pitcher";75;232;40,77
"273";"Todd_Jones";"DET";"Relief_Pitcher";75;230;38,85
"274";"Joel_Zumaya";"DET";"Relief_Pitcher";75;210;22,31
"275";"Jordan_Tata";"DET";"Relief_Pitcher";78;220;25,44
"276";"Andrew_Miller";"DET";"Relief_Pitcher";78;210;21,78
"277";"Yorman_Bazardo";"DET";"Relief_Pitcher";74;202;22,64
"278";"Wilfredo_Ledezma";"DET";"Relief_Pitcher";76;212;26,11
"279";"Roman_Colon";"DET";"Relief_Pitcher";78;225;27,55
"280";"Edward_Campusano";"DET";"Relief_Pitcher";76;170;24,63
"281";"Rene_Rivera";"SEA";"Catcher";70;190;23,58
"282";"Kenji_Johjima";"SEA";"Catcher";72;200;30,73
"283";"Richie_Sexson";"SEA";"First_Baseman";80;237;32,17
"284";"Ben_Broussard";"SEA";"First_Baseman";74;220;30,43
"285";"Jose_Lopez";"SEA";"Second_Baseman";74;170;23,27
"286";"Jose_Vidro";"SEA";"Second_Baseman";71;193;32,51
"287";"Yuniesky_Betancourt";"SEA";"Shortstop";70;190;25,08
"288";"Oswaldo_Navarro";"SEA";"Shortstop";72;150;22,41
"289";"Adrian_Beltre";"SEA";"Third_Baseman";71;220;27,9
"290";"Raul_Ibanez";"SEA";"Outfielder";74;200;34,74
"291";"Jose_Guillen";"SEA";"Outfielder";71;190;30,79
"292";"Jeremy_Reed";"SEA";"Outfielder";72;185;25,71
"293";"Willie_Bloomquist";"SEA";"Outfielder";71;185;29,26
"294";"Adam_Jones";"SEA";"Outfielder";74;200;21,58
"295";"Ichiro_Suzuki";"SEA";"Outfielder";69;172;33,36
"296";"Mike_Morse";"SEA";"Outfielder";76;220;24,94
"297";"Felix_Hernandez";"SEA";"Starting_Pitcher";75;225;20,9
"298";"Ryan_Feierabend";"SEA";"Starting_Pitcher";75;190;21,52
"299";"Sean_White";"SEA";"Starting_Pitcher";76;195;25,85
"300";"Horacio_Ramirez";"SEA";"Starting_Pitcher";73;219;27,27
"301";"Cha_Baek";"SEA";"Starting_Pitcher";76;190;26,75
"302";"Miguel_Batista";"SEA";"Starting_Pitcher";73;197;36,03
"303";"Jeff_Weaver";"SEA";"Starting_Pitcher";77;200;30,52
"304";"Jarrod_Washburn";"SEA";"Starting_Pitcher";73;195;32,55
"305";"George_Sherrill";"SEA";"Relief_Pitcher";72;210;29,86
"306";"Julio_Mateo";"SEA";"Relief_Pitcher";72;177;29,58
"307";"J.J._Putz";"SEA";"Relief_Pitcher";77;220;30,02
"308";"Chris_Reitsma";"SEA";"Relief_Pitcher";77;235;29,16
"309";"Cesar_Jimenez";"SEA";"Relief_Pitcher";71;180;22,3
"310";"Eric_O'Flaherty";"SEA";"Relief_Pitcher";74;195;22,06
"311";"Jon_Huber";"SEA";"Relief_Pitcher";74;195;25,65
"312";"Jake_Woods";"SEA";"Relief_Pitcher";73;190;25,49
"313";"Sean_Green";"SEA";"Relief_Pitcher";78;230;27,86
"314";"Mark_Lowe";"SEA";"Relief_Pitcher";75;190;23,73
"315";"Josh_Paul";"TB";"Catcher";73;200;31,78
"316";"Dioner_Navarro";"TB";"Catcher";70;190;23,06
"317";"Shawn_Riggans";"TB";"Catcher";74;190;26,6
"318";"Ty_Wigginton";"TB";"First_Baseman";72;200;29,39
"319";"Brendan_Harris";"TB";"Second_Baseman";73;200;26,51
"320";"Jorge_Cantu";"TB";"Second_Baseman";73;184;25,08
"321";"Ben_Zobrist";"TB";"Shortstop";75;200;25,76
"322";"B.J._Upton";"TB";"Third_Baseman";75;180;22,52
"323";"Carl_Crawford";"TB";"Outfielder";74;219;25,57
"324";"Rocco_Baldelli";"TB";"Outfielder";76;187;25,43
"325";"Greg_Norton";"TB";"Outfielder";73;200;34,65
"326";"Elijah_Dukes";"TB";"Outfielder";74;220;22,68
"327";"Delmon_Young";"TB";"Outfielder";75;205;21,46
"328";"Jonny_Gomes";"TB";"Designated_Hitter";73;205;26,27
"329";"Edwin_Jackson";"TB";"Starting_Pitcher";75;190;23,47
"330";"Scott_Kazmir";"TB";"Starting_Pitcher";72;170;23,1
"331";"Casey_Fossum";"TB";"Starting_Pitcher";73;160;29,14
"332";"Jae_Seo";"TB";"Starting_Pitcher";73;215;29,77
"333";"J.P._Howell";"TB";"Starting_Pitcher";72;175;23,85
"334";"Tim_Corcoran";"TB";"Starting_Pitcher";74;205;28,88
"335";"Jason_Hammel";"TB";"Starting_Pitcher";78;200;24,49
"336";"James_Shields";"TB";"Starting_Pitcher";76;214;25,19
"337";"Brian_Stokes";"TB";"Starting_Pitcher";73;200;27,48
"338";"Juan_Salas";"TB";"Relief_Pitcher";74;190;28,31
"339";"Jeff_Ridgway";"TB";"Relief_Pitcher";75;180;26,54
"340";"Ruddy_Lugo";"TB";"Relief_Pitcher";70;205;26,77
"341";"Jae-Kuk_Ryu";"TB";"Relief_Pitcher";75;220;23,75
"342";"Chad_Orvella";"TB";"Relief_Pitcher";71;190;26,41
"343";"Dan_Miceli";"TB";"Relief_Pitcher";72;215;36,47
"344";"Seth_McClung";"TB";"Relief_Pitcher";78;235;26,06
"345";"Jon_Switzer";"TB";"Relief_Pitcher";75;191;27,55
"346";"Shawn_Camp";"TB";"Relief_Pitcher";73;200;31,28
"347";"Scott_Dohmann";"TB";"Relief_Pitcher";73;181;29,04
"348";"Jason_LaRue";"KC";"Catcher";71;200;32,95
"349";"John_Buck";"KC";"Catcher";75;210;26,65
"350";"Ryan_Shealy";"KC";"First_Baseman";77;240;27,5
"351";"Ross_Gload";"KC";"First_Baseman";72;185;30,9
"352";"Esteban_German";"KC";"Second_Baseman";69;165;29,09
"353";"Mark_Grudzielanek";"KC";"Second_Baseman";73;190;36,67
"354";"Angel_Sanchez";"KC";"Second_Baseman";74;185;23,44
"355";"Angel_Berroa";"KC";"Shortstop";72;175;29,09
"356";"Andres_Blanco";"KC";"Shortstop";70;155;22,89
"357";"Mark_Teahen";"KC";"Third_Baseman";75;210;25,48
"358";"Joey_Gathright";"KC";"Outfielder";70;170;25,84
"359";"David_DeJesus";"KC";"Outfielder";72;175;27,2
"360";"Shane_Costa";"KC";"Outfielder";72;220;25,22
"361";"Mitch_Maier";"KC";"Outfielder";74;210;24,67
"362";"Reggie_Sanders";"KC";"Outfielder";73;205;39,25
"363";"Emil_Brown";"KC";"Outfielder";74;200;32,17
"364";"Mike_Sweeney";"KC";"Designated_Hitter";75;225;33,61
"365";"John_Bale";"KC";"Starting_Pitcher";76;205;32,77
"366";"Luke_Hudson";"KC";"Starting_Pitcher";75;195;29,83
"367";"Scott_Elarton";"KC";"Starting_Pitcher";80;240;31,02
"368";"Odalis_Perez";"KC";"Starting_Pitcher";72;150;29,73
"369";"Gil_Meche";"KC";"Starting_Pitcher";75;200;28,48
"370";"Neal_Musser";"KC";"Starting_Pitcher";73;215;26,51
"371";"Brian_Bannister";"KC";"Starting_Pitcher";74;202;26
"372";"Zack_Greinke";"KC";"Starting_Pitcher";74;200;23,36
"373";"Jorge_De_La_Rosa";"KC";"Starting_Pitcher";73;190;25,9
"374";"Todd_Wellemeyer";"KC";"Relief_Pitcher";75;205;28,5
"375";"Jimmy_Gobble";"KC";"Relief_Pitcher";75;190;25,62
"376";"Joel_Peralta";"KC";"Relief_Pitcher";71;160;30,94
"377";"Ryan_Braun";"KC";"Relief_Pitcher";73;215;26,59
"378";"Joakim_Soria";"KC";"Relief_Pitcher";75;185;22,78
"379";"Ken_Ray";"KC";"Relief_Pitcher";74;200;32,26
"380";"David_Riske";"KC";"Relief_Pitcher";74;190;30,35
"381";"Octavio_Dotel";"KC";"Relief_Pitcher";72;210;33,26
"382";"Joe_Nelson";"KC";"Relief_Pitcher";74;185;32,35
"383";"Gerald_Laird";"TEX";"Catcher";74;220;27,3
"384";"Miguel_Ojeda";"TEX";"Catcher";74;190;32,08
"385";"Guillermo_Quiroz";"TEX";"Catcher";73;202;25,25
"386";"Chris_Stewart";"TEX";"Catcher";76;205;25,03
"387";"Mark_Teixeira";"TEX";"First_Baseman";75;220;26,89
"388";"Ian_Kinsler";"TEX";"Second_Baseman";72;175;24,69
"389";"Joaquin_Arias";"TEX";"Shortstop";73;160;22,44
"390";"Michael_Young";"TEX";"Shortstop";73;190;30,36
"391";"Hank_Blalock";"TEX";"Third_Baseman";73;200;26,27
"392";"Marlon_Byrd";"TEX";"Outfielder";72;229;29,5
"393";"Brad_Wilkerson";"TEX";"Outfielder";72;206;29,75
"394";"Sammy_Sosa";"TEX";"Outfielder";72;220;38,3
"395";"Kenny_Lofton";"TEX";"Outfielder";72;180;39,75
"396";"Frank_Catalanotto";"TEX";"Outfielder";71;195;32,84
"397";"Nelson_Cruz";"TEX";"Outfielder";75;175;26,66
"398";"Jason_Botts";"TEX";"Designated_Hitter";77;250;26,6
"399";"Robinson_Tejeda";"TEX";"Starting_Pitcher";75;188;24,94
"400";"John_Rheinecker";"TEX";"Starting_Pitcher";74;230;27,76
"401";"Edinson_Volquez";"TEX";"Starting_Pitcher";73;190;23,66
"402";"A.J._Murray";"TEX";"Starting_Pitcher";75;200;24,96
"403";"Brandon_McCarthy";"TEX";"Starting_Pitcher";79;190;23,65
"404";"Vicente_Padilla";"TEX";"Starting_Pitcher";74;219;29,42
"405";"Kevin_Millwood";"TEX";"Starting_Pitcher";76;235;32,18
"406";"John_Koronka";"TEX";"Starting_Pitcher";73;180;26,66
"407";"Frank_Francisco";"TEX";"Relief_Pitcher";74;180;27,47
"408";"Francisco_Cruceta";"TEX";"Relief_Pitcher";74;180;25,66
"409";"Akinori_Otsuka";"TEX";"Relief_Pitcher";72;200;35,13
"410";"Eric_Gagne";"TEX";"Relief_Pitcher";74;234;31,15
"411";"Ron_Mahay";"TEX";"Relief_Pitcher";74;185;35,67
"412";"Joaquin_Benoit";"TEX";"Relief_Pitcher";75;220;29,6
"413";"Rick_Bauer";"TEX";"Relief_Pitcher";78;223;30,14
"414";"Josh_Rupe";"TEX";"Relief_Pitcher";74;200;24,53
"415";"Wes_Littleton";"TEX";"Relief_Pitcher";74;210;24,49
"416";"C.J._Wilson";"TEX";"Relief_Pitcher";74;200;26,28
"417";"Scott_Feldman";"TEX";"Relief_Pitcher";77;210;24,06
"418";"Gregg_Zaun";"TOR";"Catcher";70;190;35,88
"419";"Jason_Phillips";"TOR";"Catcher";73;177;30,42
"420";"Lyle_Overbay";"TOR";"First_Baseman";74;227;30,09
"421";"Russ_Adams";"TOR";"Second_Baseman";73;180;26,5
"422";"Aaron_Hill";"TOR";"Second_Baseman";71;195;24,94
"423";"Jason_Smith";"TOR";"Second_Baseman";75;199;29,6
"424";"John_McDonald";"TOR";"Shortstop";71;175;32,43
"425";"Royce_Clayton";"TOR";"Shortstop";72;185;37,16
"426";"Troy_Glaus";"TOR";"Third_Baseman";77;240;30,57
"427";"John_Hattig";"TOR";"Third_Baseman";74;210;27,01
"428";"Reed_Johnson";"TOR";"Outfielder";70;180;30,23
"429";"Alex_Rios";"TOR";"Outfielder";77;194;26,03
"430";"Vernon_Wells";"TOR";"Outfielder";73;225;28,23
"431";"Frank_Thomas";"TOR";"Designated_Hitter";77;275;38,76
"432";"Adam_Lind";"TOR";"Designated_Hitter";74;195;23,62
"433";"Shaun_Marcum";"TOR";"Starting_Pitcher";72;180;25,21
"434";"Casey_Janssen";"TOR";"Starting_Pitcher";76;205;25,45
"435";"Gustavo_Chacin";"TOR";"Starting_Pitcher";71;193;26,24
"436";"A.J._Burnett";"TOR";"Starting_Pitcher";76;230;30,15
"437";"Roy_Halladay";"TOR";"Starting_Pitcher";78;230;29,8
"438";"John_Thomson";"TOR";"Starting_Pitcher";75;220;33,41
"439";"Tomo_Ohka";"TOR";"Starting_Pitcher";73;200;30,95
"440";"B.J._Ryan";"TOR";"Relief_Pitcher";78;249;31,17
"441";"Scott_Downs";"TOR";"Relief_Pitcher";74;190;30,95
"442";"Brian_Tallet";"TOR";"Relief_Pitcher";79;208;29,44
"443";"Matt_Roney";"TOR";"Relief_Pitcher";75;245;27,14
"444";"Tracy_Thorpe";"TOR";"Relief_Pitcher";76;250;26,21
"445";"Jean_Machi";"TOR";"Relief_Pitcher";72;160;24,08
"446";"Brandon_League";"TOR";"Relief_Pitcher";75;192;23,96
"447";"Dustin_McGowan";"TOR";"Relief_Pitcher";75;220;24,94
"448";"Jason_Frasor";"TOR";"Relief_Pitcher";70;170;29,56
"449";"Francisco_Rosario";"TOR";"Relief_Pitcher";72;197;26,42
"450";"Davis_Romero";"TOR";"Relief_Pitcher";70;155;23,92
"451";"Jeremy_Accardo";"TOR";"Relief_Pitcher";74;190;25,23
"452";"Mike_Redmond";"MIN";"Catcher";71;200;35,82
"453";"Joe_Mauer";"MIN";"Catcher";76;220;23,87
"454";"Chris_Heintz";"MIN";"Catcher";73;210;32,57
"455";"Justin_Morneau";"MIN";"First_Baseman";76;228;25,79
"456";"Luis_Castillo";"MIN";"Second_Baseman";71;190;31,47
"457";"Alexi_Casilla";"MIN";"Second_Baseman";69;160;22,61
"458";"Alejandro_Machado";"MIN";"Second_Baseman";72;184;24,85
"459";"Jason_Bartlett";"MIN";"Shortstop";72;180;27,33
"460";"Luis_Rodriguez";"MIN";"Third_Baseman";69;180;26,67
"461";"Jeff_Cirillo";"MIN";"Third_Baseman";73;200;37,43
"462";"Nick_Punto";"MIN";"Third_Baseman";69;176;29,31
"463";"Jason_Tyner";"MIN";"Outfielder";73;160;29,85
"464";"Michael_Cuddyer";"MIN";"Outfielder";74;222;27,93
"465";"Torii_Hunter";"MIN";"Outfielder";74;211;31,62
"466";"Lew_Ford";"MIN";"Outfielder";72;195;30,55
"467";"Jason_Kubel";"MIN";"Outfielder";71;200;24,77
"468";"Josh_Rabe";"MIN";"Designated_Hitter";74;210;28,38
"469";"Rondell_White";"MIN";"Designated_Hitter";73;225;35,02
"470";"Ramon_Ortiz";"MIN";"Starting_Pitcher";72;175;33,77
"471";"Johan_Santana";"MIN";"Starting_Pitcher";72;206;27,97
"472";"Carlos_Silva";"MIN";"Starting_Pitcher";76;240;27,85
"473";"Matt_Garza";"MIN";"Starting_Pitcher";76;185;23,26
"474";"Boof_Bonser";"MIN";"Starting_Pitcher";76;260;25,38
"475";"Francisco_Liriano";"MIN";"Starting_Pitcher";74;185;23,35
"476";"Scott_Baker";"MIN";"Starting_Pitcher";76;221;25,45
"477";"Pat_Neshek";"MIN";"Relief_Pitcher";75;205;26,49
"478";"Glen_Perkins";"MIN";"Relief_Pitcher";71;200;24
"479";"Julio_DePaula";"MIN";"Relief_Pitcher";72;170;24,16
"480";"Juan_Rincon";"MIN";"Relief_Pitcher";71;201;28,1
"481";"Jesse_Crain";"MIN";"Relief_Pitcher";73;205;25,65
"482";"Matt_Guerrier";"MIN";"Relief_Pitcher";75;185;28,58
"483";"Joe_Nathan";"MIN";"Relief_Pitcher";76;205;32,27
"484";"Dennys_Reyes";"MIN";"Relief_Pitcher";75;245;29,86
"485";"Brayan_Pe?a";"ATL";"Catcher";71;220;25,14
"486";"Brian_McCann";"ATL";"Catcher";75;210;23,03
"487";"Craig_Wilson";"ATL";"First_Baseman";74;220;30,25
"488";"Chris_Woodward";"ATL";"Second_Baseman";72;185;30,67
"489";"Pete_Orr";"ATL";"Second_Baseman";73;175;27,73
"490";"Martin_Prado";"ATL";"Second_Baseman";73;170;23,34
"491";"Tony_Pe?a";"ATL";"Shortstop";73;180;25,94
"492";"Edgar_Renteria";"ATL";"Shortstop";73;200;31,56
"493";"Chipper_Jones";"ATL";"Third_Baseman";76;210;34,85
"494";"Willy_Aybar";"ATL";"Third_Baseman";72;175;23,98
"495";"Jeff_Francoeur";"ATL";"Outfielder";76;220;23,14
"496";"Matt_Diaz";"ATL";"Outfielder";73;206;28,99
"497";"Kelly_Johnson";"ATL";"Outfielder";73;180;25,02
"498";"Andruw_Jones";"ATL";"Outfielder";73;210;29,85
"499";"Ryan_Langerhans";"ATL";"Outfielder";75;195;27,03
"500";"Scott_Thorman";"ATL";"Outfielder";75;200;25,15
"501";"T.J._Bohn";"ATL";"Outfielder";77;200;27,12
"502";"Tim_Hudson";"ATL";"Starting_Pitcher";73;164;31,63
"503";"Jonathan_Johnson";"ATL";"Starting_Pitcher";72;180;32,62
"504";"John_Smoltz";"ATL";"Starting_Pitcher";75;220;39,79
"505";"Mike_Hampton";"ATL";"Starting_Pitcher";70;195;34,47
"506";"Kyle_Davies";"ATL";"Starting_Pitcher";74;205;23,47
"507";"Chuck_James";"ATL";"Starting_Pitcher";72;170;25,31
"508";"Phil_Stockman";"ATL";"Relief_Pitcher";80;240;27,1
"509";"Macay_McBride";"ATL";"Relief_Pitcher";71;210;24,35
"510";"Joey_Devine";"ATL";"Relief_Pitcher";71;195;23,45
"511";"Peter_Moylan";"ATL";"Relief_Pitcher";74;200;28,24
"512";"Mike_Gonzalez";"ATL";"Relief_Pitcher";74;205;28,77
"513";"Lance_Cormier";"ATL";"Relief_Pitcher";73;192;26,53
"514";"Blaine_Boyer";"ATL";"Relief_Pitcher";75;190;25,64
"515";"Manny_Acosta";"ATL";"Relief_Pitcher";76;170;25,83
"516";"Bob_Wickman";"ATL";"Relief_Pitcher";73;240;38,06
"517";"Tanyon_Sturtze";"ATL";"Relief_Pitcher";77;200;36,38
"518";"Oscar_Villarreal";"ATL";"Relief_Pitcher";72;205;25,27
"519";"Rafael_Soriano";"ATL";"Relief_Pitcher";73;175;27,2
"520";"Chad_Paronto";"ATL";"Relief_Pitcher";77;250;31,59
"521";"Tyler_Yates";"ATL";"Relief_Pitcher";76;220;29,56
"522";"Henry_Blanco";"CHC";"Catcher";71;224;35,5
"523";"Michael_Barrett";"CHC";"Catcher";75;210;30,35
"524";"Geovany_Soto";"CHC";"Catcher";73;195;24,11
"525";"Scott_Moore";"CHC";"First_Baseman";74;180;23,29
"526";"Derrek_Lee";"CHC";"First_Baseman";77;245;31,48
"527";"Ryan_Theriot";"CHC";"Second_Baseman";71;175;27,23
"528";"Ronny_Cedeno";"CHC";"Shortstop";72;180;24,07
"529";"Aramis_Ramirez";"CHC";"Third_Baseman";73;215;28,68
"530";"Cesar_Izturis";"CHC";"Third_Baseman";69;175;27,05
"531";"Alfonso_Soriano";"CHC";"Outfielder";73;180;31,15
"532";"Jacque_Jones";"CHC";"Outfielder";70;195;31,85
"533";"Daryle_Ward";"CHC";"Outfielder";74;230;31,68
"534";"Cliff_Floyd";"CHC";"Outfielder";76;230;34,23
"535";"Mark_DeRosa";"CHC";"Outfielder";73;205;32,01
"536";"Matt_Murton";"CHC";"Outfielder";73;215;25,41
"537";"Buck_Coats";"CHC";"Outfielder";75;195;24,73
"538";"Angel_Pagan";"CHC";"Outfielder";73;180;25,66
"539";"Sean_Marshall";"CHC";"Starting_Pitcher";79;205;24,5
"540";"Carlos_Marmol";"CHC";"Starting_Pitcher";74;180;24,38
"541";"Ryan_O'Malley";"CHC";"Starting_Pitcher";73;190;26,89
"542";"Juan_Mateo";"CHC";"Starting_Pitcher";74;180;24,2
"543";"Rich_Hill";"CHC";"Starting_Pitcher";77;190;26,97
"544";"Angel_Guzman";"CHC";"Starting_Pitcher";75;190;25,21
"545";"Wade_Miller";"CHC";"Starting_Pitcher";74;220;30,46
"546";"Jason_Marquis";"CHC";"Starting_Pitcher";73;210;28,53
"547";"Carlos_Zambrano";"CHC";"Starting_Pitcher";77;255;25,75
"548";"Ted_Lilly";"CHC";"Starting_Pitcher";73;190;31,15
"549";"Mark_Prior";"CHC";"Starting_Pitcher";77;230;26,48
"550";"Neal_Cotts";"CHC";"Relief_Pitcher";74;200;26,93
"551";"Will_Ohman";"CHC";"Relief_Pitcher";74;205;29,55
"552";"Scott_Eyre";"CHC";"Relief_Pitcher";73;210;34,75
"553";"Kerry_Wood";"CHC";"Relief_Pitcher";77;225;29,71
"554";"Ryan_Dempster";"CHC";"Relief_Pitcher";74;215;29,83
"555";"Bob_Howry";"CHC";"Relief_Pitcher";77;220;33,57
"556";"Mike_Wuertz";"CHC";"Relief_Pitcher";75;205;28,21
"557";"Roberto_Novoa";"CHC";"Relief_Pitcher";77;200;27,54
"558";"Chris_Snyder";"ARZ";"Catcher";75;220;26,05
"559";"Miguel_Montero";"ARZ";"Catcher";71;197;23,64
"560";"Conor_Jackson";"ARZ";"First_Baseman";74;225;24,82
"561";"Robby_Hammock";"ARZ";"First_Baseman";70;187;29,8
"562";"Tony_Clark";"ARZ";"First_Baseman";79;245;34,71
"563";"Orlando_Hudson";"ARZ";"Second_Baseman";72;185;29,22
"564";"Stephen_Drew";"ARZ";"Shortstop";72;185;23,96
"565";"Alberto_Callaspo";"ARZ";"Shortstop";70;175;23,87
"566";"Chad_Tracy";"ARZ";"Third_Baseman";74;200;26,77
"567";"Chris_Young";"ARZ";"Outfielder";74;180;23,49
"568";"Scott_Hairston";"ARZ";"Outfielder";72;188;26,77
"569";"Carlos_Quentin";"ARZ";"Outfielder";73;225;24,51
"570";"Jeff_DaVanon";"ARZ";"Outfielder";72;200;33,23
"571";"Eric_Byrnes";"ARZ";"Outfielder";74;210;31,04
"572";"Livan_Hernandez";"ARZ";"Starting_Pitcher";74;245;32,02
"573";"Doug_Davis";"ARZ";"Starting_Pitcher";76;213;31,44
"574";"Randy_Johnson";"ARZ";"Starting_Pitcher";82;231;43,47
"575";"Juan_Cruz";"ARZ";"Starting_Pitcher";74;165;28,38
"576";"Brandon_Webb";"ARZ";"Starting_Pitcher";74;228;27,81
"577";"Enrique_Gonzalez";"ARZ";"Starting_Pitcher";70;210;24,57
"578";"Dana_Eveland";"ARZ";"Starting_Pitcher";73;250;23,34
"579";"Brandon_Medders";"ARZ";"Relief_Pitcher";73;191;27,09
"580";"Tony_Pe?a";"ARZ";"Relief_Pitcher";74;190;25,14
"581";"Doug_Slaten";"ARZ";"Relief_Pitcher";77;200;27,07
"582";"Edgar_Gonzalez";"ARZ";"Relief_Pitcher";72;215;24,02
"583";"Jose_Valverde";"ARZ";"Relief_Pitcher";76;254;27,6
"584";"Jorge_Julio";"ARZ";"Relief_Pitcher";73;232;27,99
"585";"Brandon_Lyon";"ARZ";"Relief_Pitcher";73;180;27,56
"586";"Miguel_Olivo";"FLA";"Catcher";72;215;28,63
"587";"Matt_Treanor";"FLA";"Catcher";74;220;30,99
"588";"Mike_Jacobs";"FLA";"First_Baseman";74;180;26,33
"589";"Dan_Uggla";"FLA";"Second_Baseman";71;200;26,97
"590";"Robert_Andino";"FLA";"Shortstop";72;170;22,85
"591";"Hanley_Ramirez";"FLA";"Shortstop";75;195;23,19
"592";"Miguel_Cabrera";"FLA";"Third_Baseman";74;210;23,87
"593";"Aaron_Boone";"FLA";"Third_Baseman";74;200;33,98
"594";"Joe_Borchard";"FLA";"Outfielder";77;220;28,26
"595";"Alfredo_Amezaga";"FLA";"Outfielder";70;165;29,12
"596";"Cody_Ross";"FLA";"Outfielder";71;180;26,18
"597";"Josh_Willingham";"FLA";"Outfielder";73;200;28,03
"598";"Jeremy_Hermida";"FLA";"Outfielder";76;200;23,08
"599";"Eric_Reed";"FLA";"Outfielder";71;170;26,24
"600";"Reggi_Abercrombie";"FLA";"Outfielder";75;224;26,63
"601";"Ricky_Nolasco";"FLA";"Starting_Pitcher";74;220;24,21
"602";"Anibal_Sanchez";"FLA";"Starting_Pitcher";72;180;23,01
"603";"Scott_Olsen";"FLA";"Starting_Pitcher";76;198;23,13
"604";"Josh_Johnson";"FLA";"Starting_Pitcher";79;240;23,08
"605";"Dontrelle_Willis";"FLA";"Starting_Pitcher";76;239;25,13
"606";"Logan_Kensing";"FLA";"Relief_Pitcher";73;185;24,66
"607";"Sergio_Mitre";"FLA";"Relief_Pitcher";76;210;26,03
"608";"Kevin_Gregg";"FLA";"Relief_Pitcher";78;220;28,7
"609";"Travis_Bowyer";"FLA";"Relief_Pitcher";75;200;25,57
"610";"Renyel_Pinto";"FLA";"Relief_Pitcher";76;195;24,65
"611";"Randy_Messenger";"FLA";"Relief_Pitcher";72;220;25,55
"612";"Yusmeiro_Petit";"FLA";"Relief_Pitcher";72;230;22,27
"613";"Carlos_Martinez";"FLA";"Relief_Pitcher";73;170;24,76
"614";"Taylor_Tankersley";"FLA";"Relief_Pitcher";73;220;23,98
"615";"Henry_Owens";"FLA";"Relief_Pitcher";75;230;27,85
"616";"Jose_Garcia";"FLA";"Relief_Pitcher";71;165;22,14
"617";"Matt_Lindstrom";"FLA";"Relief_Pitcher";76;205;27,05
"618";"Javier_Valentin";"CIN";"Catcher";70;192;31,45
"619";"Chad_Moeller";"CIN";"Catcher";75;210;32,03
"620";"David_Ross";"CIN";"Catcher";74;205;29,95
"621";"Joey_Votto";"CIN";"First_Baseman";75;200;23,47
"622";"Scott_Hatteberg";"CIN";"First_Baseman";73;210;37,21
"623";"Brandon_Phillips";"CIN";"Second_Baseman";71;185;25,67
"624";"Juan_Castro";"CIN";"Shortstop";71;195;34,69
"625";"Alex_Gonzalez";"CIN";"Shortstop";72;202;30,04
"626";"Mark_Bellhorn";"CIN";"Third_Baseman";73;205;32,52
"627";"Edwin_Encarnacion";"CIN";"Third_Baseman";73;195;24,15
"628";"Jeff_Keppinger";"CIN";"Third_Baseman";72;180;26,86
"629";"Norris_Hopper";"CIN";"Outfielder";69;200;27,94
"630";"Chris_Denorfia";"CIN";"Outfielder";73;185;26,63
"631";"Adam_Dunn";"CIN";"Outfielder";78;240;27,31
"632";"Bubba_Crosby";"CIN";"Outfielder";71;185;30,55
"633";"Jeff_Conine";"CIN";"Outfielder";73;220;40,68
"634";"Ken_Griffey_Jr.";"CIN";"Outfielder";75;205;37,27
"635";"Josh_Hamilton";"CIN";"Outfielder";76;205;25,78
"636";"Ryan_Freel";"CIN";"Outfielder";70;180;30,98
"637";"Kyle_Lohse";"CIN";"Starting_Pitcher";74;201;28,41
"638";"Bronson_Arroyo";"CIN";"Starting_Pitcher";77;190;30,01
"639";"Eric_Milton";"CIN";"Starting_Pitcher";75;208;31,57
"640";"Aaron_Harang";"CIN";"Starting_Pitcher";79;240;28,81
"641";"Kirk_Saarloos";"CIN";"Starting_Pitcher";72;NA;27,77
"642";"Elizardo_Ramirez";"CIN";"Starting_Pitcher";72;180;24,09
"643";"Todd_Coffey";"CIN";"Relief_Pitcher";77;230;26,47
"644";"Brian_Shackelford";"CIN";"Relief_Pitcher";73;195;30,5
"645";"Bill_Bray";"CIN";"Relief_Pitcher";75;215;23,74
"646";"Bobby_Livingston";"CIN";"Relief_Pitcher";75;190;24,49
"647";"Matt_Belisle";"CIN";"Relief_Pitcher";75;195;26,73
"648";"Gary_Majewski";"CIN";"Relief_Pitcher";73;215;27,01
"649";"Mike_Stanton";"CIN";"Relief_Pitcher";73;215;39,75
"650";"Brad_Salmon";"CIN";"Relief_Pitcher";76;220;27,16
"651";"Jared_Burton";"CIN";"Relief_Pitcher";77;220;25,74
"652";"David_Weathers";"CIN";"Relief_Pitcher";75;230;37,43
"653";"Rheal_Cormier";"CIN";"Relief_Pitcher";70;195;39,85
"654";"Yorvit_Torrealba";"COL";"Catcher";71;190;28,62
"655";"Chris_Iannetta";"COL";"Catcher";71;195;23,9
"656";"Alvin_Colina";"COL";"Catcher";75;209;25,18
"657";"Todd_Helton";"COL";"First_Baseman";74;204;33,53
"658";"Jamey_Carroll";"COL";"Second_Baseman";69;170;33,03
"659";"Kaz_Matsui";"COL";"Second_Baseman";70;185;31,35
"660";"Troy_Tulowitzki";"COL";"Shortstop";75;205;22,39
"661";"Clint_Barmes";"COL";"Shortstop";72;175;27,99
"662";"Garrett_Atkins";"COL";"Third_Baseman";75;210;27,22
"663";"Ryan_Spilborghs";"COL";"Outfielder";73;190;27,49
"664";"Cory_Sullivan";"COL";"Outfielder";72;180;27,53
"665";"Jeff_Salazar";"COL";"Outfielder";72;180;26,26
"666";"Willy_Taveras";"COL";"Outfielder";72;160;25,18
"667";"Matt_Holliday";"COL";"Outfielder";76;235;27,12
"668";"Brad_Hawpe";"COL";"Outfielder";75;200;27,69
"669";"Jeff_Baker";"COL";"Outfielder";74;210;25,69
"670";"Javy_Lopez";"COL";"Designated_Hitter";75;224;36,32
"671";"Byung-Hyun_Kim";"COL";"Starting_Pitcher";69;180;28,11
"672";"Rodrigo_Lopez";"COL";"Starting_Pitcher";73;190;31,21
"673";"Brian_Lawrence";"COL";"Starting_Pitcher";72;197;30,8
"674";"Josh_Fogg";"COL";"Starting_Pitcher";72;203;30,21
"675";"Aaron_Cook";"COL";"Starting_Pitcher";75;205;28,06
"676";"Denny_Bautista";"COL";"Starting_Pitcher";77;170;26,52
"677";"Ubaldo_Jimenez";"COL";"Starting_Pitcher";76;200;23,1
"678";"Jason_Hirsh";"COL";"Starting_Pitcher";80;250;25,02
"679";"Jeff_Francis";"COL";"Starting_Pitcher";77;200;26,14
"680";"Taylor_Buchholz";"COL";"Starting_Pitcher";76;220;25,38
"681";"Ryan_Speier";"COL";"Relief_Pitcher";79;200;27,6
"682";"Ramon_Ramirez";"COL";"Relief_Pitcher";71;190;25,5
"683";"Manny_Corpas";"COL";"Relief_Pitcher";75;170;24,24
"684";"Juan_Morillo";"COL";"Relief_Pitcher";73;190;23,32
"685";"Brian_Fuentes";"COL";"Relief_Pitcher";76;220;31,56
"686";"LaTroy_Hawkins";"COL";"Relief_Pitcher";77;215;34,19
"687";"Tom_Martin";"COL";"Relief_Pitcher";73;206;36,78
"688";"Jeremy_Affeldt";"COL";"Relief_Pitcher";76;215;27,73
"689";"Paul_Lo_Duca";"NYM";"Catcher";70;185;34,88
"690";"Ramon_Castro";"NYM";"Catcher";75;235;31
"691";"Julio_Franco";"NYM";"First_Baseman";73;188;48,52
"692";"Carlos_Delgado";"NYM";"First_Baseman";75;230;34,68
"693";"Jose_Valentin";"NYM";"Second_Baseman";70;195;37,38
"694";"Anderson_Hernandez";"NYM";"Second_Baseman";69;168;24,33
"695";"Damion_Easley";"NYM";"Shortstop";71;190;37,3
"696";"Jose_Reyes";"NYM";"Shortstop";72;160;23,72
"697";"David_Wright";"NYM";"Third_Baseman";72;200;24,19
"698";"Ben_Johnson";"NYM";"Outfielder";73;200;25,7
"699";"Endy_Chavez";"NYM";"Outfielder";70;189;29,06
"700";"David_Newhan";"NYM";"Outfielder";70;180;33,48
"701";"Carlos_Beltran";"NYM";"Outfielder";73;190;29,85
"702";"Shawn_Green";"NYM";"Outfielder";76;200;34,3
"703";"Moises_Alou";"NYM";"Outfielder";75;220;40,66
"704";"Lastings_Milledge";"NYM";"Outfielder";72;187;21,9
"705";"Alay_Soler";"NYM";"Starting_Pitcher";73;240;27,39
"706";"Mike_Pelfrey";"NYM";"Starting_Pitcher";79;190;23,13
"707";"Pedro_Martinez";"NYM";"Starting_Pitcher";71;180;35,35
"708";"Tom_Glavine";"NYM";"Starting_Pitcher";72;185;40,93
"709";"Chan_Ho_Park";"NYM";"Starting_Pitcher";74;210;33,67
"710";"Orlando_Hernandez";"NYM";"Starting_Pitcher";74;220;37,39
"711";"Dave_Williams";"NYM";"Starting_Pitcher";74;219;27,97
"712";"Oliver_Perez";"NYM";"Starting_Pitcher";72;190;25,54
"713";"John_Maine";"NYM";"Starting_Pitcher";76;193;25,81
"714";"Marcos_Carvajal";"NYM";"Relief_Pitcher";76;175;22,53
"715";"Ambiorix_Burgos";"NYM";"Relief_Pitcher";72;180;22,86
"716";"Jason_Vargas";"NYM";"Relief_Pitcher";72;215;24,07
"717";"Jon_Adkins";"NYM";"Relief_Pitcher";71;210;29,5
"718";"Juan_Padilla";"NYM";"Relief_Pitcher";72;200;30,03
"719";"Duaner_Sanchez";"NYM";"Relief_Pitcher";72;190;27,38
"720";"Pedro_Feliciano";"NYM";"Relief_Pitcher";70;185;30,51
"721";"Aaron_Heilman";"NYM";"Relief_Pitcher";77;220;28,3
"722";"Jorge_Sosa";"NYM";"Relief_Pitcher";74;170;29,84
"723";"Scott_Schoeneweis";"NYM";"Relief_Pitcher";72;195;33,41
"724";"Guillermo_Mota";"NYM";"Relief_Pitcher";76;205;33,6
"725";"Billy_Wagner";"NYM";"Relief_Pitcher";71;195;35,6
"726";"Philip_Humber";"NYM";"Relief_Pitcher";76;210;24,19
"727";"Brad_Ausmus";"HOU";"Catcher";71;190;37,88
"728";"Humberto_Quintero";"HOU";"Catcher";73;190;27,56
"729";"Hector_Gimenez";"HOU";"Catcher";70;180;24,42
"730";"Lance_Berkman";"HOU";"First_Baseman";73;220;31,05
"731";"Mike_Lamb";"HOU";"First_Baseman";73;190;31,56
"732";"Mark_Loretta";"HOU";"Second_Baseman";72;186;35,55
"733";"Craig_Biggio";"HOU";"Second_Baseman";71;185;41,21
"734";"Brooks_Conrad";"HOU";"Second_Baseman";71;190;27,12
"735";"Chris_Burke";"HOU";"Second_Baseman";71;180;26,97
"736";"Eric_Bruntlett";"HOU";"Second_Baseman";72;190;28,92
"737";"Adam_Everett";"HOU";"Shortstop";72;170;30,06
"738";"Morgan_Ensberg";"HOU";"Third_Baseman";74;210;31,51
"739";"Carlos_Lee";"HOU";"Outfielder";74;240;30,69
"740";"Jason_Lane";"HOU";"Outfielder";74;220;30,19
"741";"Orlando_Palmeiro";"HOU";"Outfielder";71;180;38,11
"742";"Luke_Scott";"HOU";"Outfielder";72;210;28,68
"743";"Charlton_Jimerson";"HOU";"Outfielder";75;210;27,44
"744";"Fernando_Nieve";"HOU";"Starting_Pitcher";72;195;24,63
"745";"Wandy_Rodriguez";"HOU";"Starting_Pitcher";71;160;28,11
"746";"Brandon_Backe";"HOU";"Starting_Pitcher";72;180;28,9
"747";"Matt_Albers";"HOU";"Starting_Pitcher";72;205;24,11
"748";"Woody_Williams";"HOU";"Starting_Pitcher";72;200;40,53
"749";"Roy_Oswalt";"HOU";"Starting_Pitcher";72;185;29,5
"750";"Jason_Jennings";"HOU";"Starting_Pitcher";74;245;28,62
"751";"Miguel_Asencio";"HOU";"Relief_Pitcher";74;190;26,42
"752";"Brad_Lidge";"HOU";"Relief_Pitcher";77;210;30,18
"753";"Trever_Miller";"HOU";"Relief_Pitcher";75;200;33,75
"754";"David_Borkowski";"HOU";"Relief_Pitcher";73;200;30,06
"755";"Dan_Wheeler";"HOU";"Relief_Pitcher";75;222;29,22
"756";"Paul_Estrada";"HOU";"Relief_Pitcher";73;215;24,47
"757";"Lincoln_Holdzkom";"HOU";"Relief_Pitcher";76;240;24,94
"758";"Chris_Sampson";"HOU";"Relief_Pitcher";72;170;28,77
"759";"Chad_Qualls";"HOU";"Relief_Pitcher";77;220;28,54
"760";"Ezequiel_Astacio";"HOU";"Relief_Pitcher";75;156;27,32
"761";"Mike_Lieberthal";"LA";"Catcher";72;190;35,12
"762";"Russell_Martin";"LA";"Catcher";71;202;24,04
"763";"Olmedo_Saenz";"LA";"First_Baseman";71;221;36,39
"764";"James_Loney";"LA";"First_Baseman";75;200;22,81
"765";"Nomar_Garciaparra";"LA";"First_Baseman";72;190;33,6
"766";"Jeff_Kent";"LA";"Second_Baseman";73;210;38,98
"767";"Ramon_Martinez";"LA";"Second_Baseman";73;190;34,39
"768";"Marlon_Anderson";"LA";"Second_Baseman";71;200;33,15
"769";"Rafael_Furcal";"LA";"Shortstop";70;165;29,35
"770";"Wilson_Betemit";"LA";"Third_Baseman";75;190;26,59
"771";"Andy_LaRoche";"LA";"Third_Baseman";71;185;23,46
"772";"Matt_Kemp";"LA";"Outfielder";76;230;22,43
"773";"Andre_Ethier";"LA";"Outfielder";73;208;24,89
"774";"Delwyn_Young";"LA";"Outfielder";68;209;24,67
"775";"Jason_Repko";"LA";"Outfielder";71;175;26,17
"776";"Juan_Pierre";"LA";"Outfielder";72;180;29,54
"777";"Luis_Gonzalez";"LA";"Outfielder";74;200;39,49
"778";"Jason_Schmidt";"LA";"Starting_Pitcher";77;205;34,08
"779";"Randy_Wolf";"LA";"Starting_Pitcher";72;200;30,52
"780";"Brad_Penny";"LA";"Starting_Pitcher";76;250;28,77
"781";"Derek_Lowe";"LA";"Starting_Pitcher";78;210;33,75
"782";"Mark_Hendrickson";"LA";"Starting_Pitcher";81;230;32,69
"783";"Chad_Billingsley";"LA";"Starting_Pitcher";72;244;22,59
"784";"Takashi_Saito";"LA";"Relief_Pitcher";73;202;37,04
"785";"Jonathan_Broxton";"LA";"Relief_Pitcher";76;240;22,7
"786";"Hong-Chih_Kuo";"LA";"Relief_Pitcher";72;200;25,6
"787";"Eric_Stults";"LA";"Relief_Pitcher";72;215;27,23
"788";"Chin-Hui_Tsao";"LA";"Relief_Pitcher";74;177;25,74
"789";"Tim_Hamulack";"LA";"Relief_Pitcher";76;210;30,29
"790";"Yhency_Brazoban";"LA";"Relief_Pitcher";73;170;26,72
"791";"Brett_Tomko";"LA";"Relief_Pitcher";76;215;33,9
"792";"Joe_Beimel";"LA";"Relief_Pitcher";75;217;29,86
"793";"Elmer_Dessens";"LA";"Relief_Pitcher";70;198;36,13
"794";"Ryan_Budde";"PHI";"Catcher";71;200;27,54
"795";"Rod_Barajas";"PHI";"Catcher";74;220;31,49
"796";"Carlos_Ruiz";"PHI";"Catcher";72;170;28,1
"797";"Chris_Coste";"PHI";"Catcher";73;200;34,07
"798";"Ryan_Howard";"PHI";"First_Baseman";76;230;27,28
"799";"Wes_Helms";"PHI";"First_Baseman";76;231;30,8
"800";"Chase_Utley";"PHI";"Second_Baseman";73;183;28,2
"801";"Danny_Sandoval";"PHI";"Second_Baseman";71;192;27,9
"802";"Jimmy_Rollins";"PHI";"Shortstop";68;167;28,26
"803";"Abraham_Nu?ez";"PHI";"Third_Baseman";71;190;30,96
"804";"Michael_Bourn";"PHI";"Outfielder";71;180;24,18
"805";"Chris_Roberson";"PHI";"Outfielder";74;180;27,52
"806";"Jayson_Werth";"PHI";"Outfielder";77;215;27,78
"807";"Shane_Victorino";"PHI";"Outfielder";69;160;26,25
"808";"Aaron_Rowand";"PHI";"Outfielder";72;205;29,5
"809";"Pat_Burrell";"PHI";"Outfielder";76;223;30,39
"810";"Greg_Dobbs";"PHI";"Designated_Hitter";73;205;28,66
"811";"Cole_Hamels";"PHI";"Starting_Pitcher";75;175;23,18
"812";"Alfredo_Simon";"PHI";"Starting_Pitcher";76;170;25,81
"813";"Scott_Mathieson";"PHI";"Starting_Pitcher";75;190;23,01
"814";"Freddy_Garcia";"PHI";"Starting_Pitcher";76;240;31,72
"815";"Jamie_Moyer";"PHI";"Starting_Pitcher";72;175;44,28
"816";"Jon_Lieber";"PHI";"Starting_Pitcher";74;230;36,91
"817";"Brett_Myers";"PHI";"Starting_Pitcher";76;223;26,54
"818";"Adam_Eaton";"PHI";"Starting_Pitcher";74;196;29,27
"819";"Geoff_Geary";"PHI";"Relief_Pitcher";72;167;30,51
"820";"Clay_Condrey";"PHI";"Relief_Pitcher";75;195;31,28
"821";"Ryan_Madson";"PHI";"Relief_Pitcher";78;190;26,51
"822";"Antonio_Alfonseca";"PHI";"Relief_Pitcher";77;250;34,87
"823";"Tom_Gordon";"PHI";"Relief_Pitcher";70;190;39,28
"824";"Brian_Sanches";"PHI";"Relief_Pitcher";72;190;28,56
"825";"Jim_Ed_Warden";"PHI";"Relief_Pitcher";79;190;27,82
"826";"Anderson_Garcia";"PHI";"Relief_Pitcher";74;170;25,94
"827";"Eude_Brito";"PHI";"Relief_Pitcher";71;160;28,53
"828";"Fabio_Castro";"PHI";"Relief_Pitcher";68;150;22,11
"829";"Matt_Smith";"PHI";"Relief_Pitcher";77;225;27,71
"830";"Damian_Miller";"MLW";"Catcher";75;220;37,38
"831";"Johnny_Estrada";"MLW";"Catcher";71;209;30,67
"832";"Mike_Rivera";"MLW";"Catcher";72;210;30,48
"833";"J.D._Closser";"MLW";"Catcher";70;176;27,12
"834";"Prince_Fielder";"MLW";"First_Baseman";72;260;22,81
"835";"Rickie_Weeks";"MLW";"Second_Baseman";72;195;24,46
"836";"Tony_Graffanino";"MLW";"Second_Baseman";73;190;34,73
"837";"Craig_Counsell";"MLW";"Shortstop";72;184;36,53
"838";"J.J._Hardy";"MLW";"Shortstop";74;180;24,53
"839";"Bill_Hall";"MLW";"Shortstop";72;195;27,17
"840";"Vinny_Rottino";"MLW";"Third_Baseman";72;195;26,9
"841";"Corey_Koskie";"MLW";"Third_Baseman";75;219;33,67
"842";"Kevin_Mench";"MLW";"Outfielder";72;225;29,14
"843";"Geoff_Jenkins";"MLW";"Outfielder";73;212;32,61
"844";"Brady_Clark";"MLW";"Outfielder";74;202;33,87
"845";"Tony_Gwynn_Jr.";"MLW";"Outfielder";72;185;24,41
"846";"Corey_Hart";"MLW";"Outfielder";78;200;24,94
"847";"Gabe_Gross";"MLW";"Outfielder";75;209;27,36
"848";"Laynce_Nix";"MLW";"Outfielder";72;200;26,33
"849";"Drew_Anderson";"MLW";"Outfielder";74;195;25,72
"850";"Claudio_Vargas";"MLW";"Starting_Pitcher";75;228;28,7
"851";"Chris_Capuano";"MLW";"Starting_Pitcher";75;210;28,53
"852";"Ben_Hendrickson";"MLW";"Starting_Pitcher";76;190;26,07
"853";"Dave_Bush";"MLW";"Starting_Pitcher";74;212;27,31
"854";"Carlos_Villanueva";"MLW";"Starting_Pitcher";74;190;23,26
"855";"Ben_Sheets";"MLW";"Starting_Pitcher";73;218;28,62
"856";"Jeff_Suppan";"MLW";"Starting_Pitcher";74;220;32,16
"857";"Brian_Shouse";"MLW";"Relief_Pitcher";71;190;38,43
"858";"Francisco_Cordero";"MLW";"Relief_Pitcher";74;235;31,81
"859";"Derrick_Turnbow";"MLW";"Relief_Pitcher";75;210;29,1
"860";"Matt_Wise";"MLW";"Relief_Pitcher";76;200;31,28
"861";"Grant_Balfour";"MLW";"Relief_Pitcher";74;188;29,17
"862";"Dennis_Sarfate";"MLW";"Relief_Pitcher";76;210;25,89
"863";"Jose_Capellan";"MLW";"Relief_Pitcher";76;235;26,13
"864";"Greg_Aquino";"MLW";"Relief_Pitcher";73;188;29,13
"865";"Josh_Bard";"SD";"Catcher";75;215;28,92
"866";"Rob_Bowen";"SD";"Catcher";75;216;26,01
"867";"Adrian_Gonzalez";"SD";"First_Baseman";74;220;24,81
"868";"Marcus_Giles";"SD";"Second_Baseman";68;180;28,79
"869";"Todd_Walker";"SD";"Second_Baseman";72;185;33,77
"870";"Geoff_Blum";"SD";"Shortstop";75;200;33,85
"871";"Khalil_Greene";"SD";"Shortstop";71;210;27,36
"872";"Paul_McAnulty";"SD";"Outfielder";70;220;26,01
"873";"Terrmel_Sledge";"SD";"Outfielder";72;185;29,95
"874";"Jack_Cust";"SD";"Outfielder";73;231;28,12
"875";"Jose_Cruz_Jr.";"SD";"Outfielder";72;210;32,87
"876";"Russell_Branyan";"SD";"Outfielder";75;195;31,2
"877";"Mike_Cameron";"SD";"Outfielder";74;200;34,14
"878";"Brian_Giles";"SD";"Outfielder";70;205;36,11
"879";"Kevin_Kouzmanoff";"SD";"Designated_Hitter";73;200;25,6
"880";"Mike_Thompson";"SD";"Starting_Pitcher";76;200;26,31
"881";"Clay_Hensley";"SD";"Starting_Pitcher";71;190;27,5
"882";"Chris_Young";"SD";"Starting_Pitcher";82;250;27,77
"883";"Greg_Maddux";"SD";"Starting_Pitcher";72;185;40,88
"884";"Jake_Peavy";"SD";"Starting_Pitcher";73;180;25,75
"885";"Scott_Cassidy";"SD";"Relief_Pitcher";74;170;31,41
"886";"Scott_Strickland";"SD";"Relief_Pitcher";71;180;30,84
"887";"Scott_Linebrink";"SD";"Relief_Pitcher";75;208;30,57
"888";"Doug_Brocail";"SD";"Relief_Pitcher";77;235;39,79
"889";"Trevor_Hoffman";"SD";"Relief_Pitcher";72;215;39,38
"890";"Heath_Bell";"SD";"Relief_Pitcher";74;244;29,42
"891";"Royce_Ring";"SD";"Relief_Pitcher";72;220;26,19
"892";"Cla_Meredith";"SD";"Relief_Pitcher";73;185;23,74
"893";"Andrew_Brown";"SD";"Relief_Pitcher";78;230;26,03
"894";"Mike_Adams";"SD";"Relief_Pitcher";77;190;28,59
"895";"Justin_Hampson";"SD";"Relief_Pitcher";73;200;26,77
"896";"Kevin_Cameron";"SD";"Relief_Pitcher";73;180;27,21
"897";"Ryan_Ketchner";"SD";"Relief_Pitcher";73;190;24,87
"898";"Brian_Schneider";"WAS";"Catcher";73;196;30,26
"899";"Jesus_Flores";"WAS";"Catcher";73;180;22,34
"900";"Larry_Broadway";"WAS";"First_Baseman";76;230;26,2
"901";"Nick_Johnson";"WAS";"First_Baseman";75;224;28,45
"902";"Bernie_Castro";"WAS";"Second_Baseman";70;160;27,63
"903";"Josh_Wilson";"WAS";"Shortstop";73;178;25,93
"904";"Cristian_Guzman";"WAS";"Shortstop";72;205;28,94
"905";"Felipe_Lopez";"WAS";"Shortstop";73;185;26,8
"906";"Ryan_Zimmerman";"WAS";"Third_Baseman";75;210;22,42
"907";"Nook_Logan";"WAS";"Outfielder";74;180;27,26
"908";"Ryan_Church";"WAS";"Outfielder";73;190;28,38
"909";"Kory_Casto";"WAS";"Outfielder";73;200;25,23
"910";"Mike_Restovich";"WAS";"Outfielder";76;257;28,16
"911";"Alex_Escobar";"WAS";"Outfielder";73;190;28,48
"912";"Austin_Kearns";"WAS";"Outfielder";75;220;26,78
"913";"Chris_Snelling";"WAS";"Outfielder";70;165;25,24
"914";"Billy_Traber";"WAS";"Starting_Pitcher";77;205;27,45
"915";"Tim_Redding";"WAS";"Starting_Pitcher";72;200;29,05
"916";"John_Patterson";"WAS";"Starting_Pitcher";77;208;29,08
"917";"Shawn_Hill";"WAS";"Starting_Pitcher";74;185;25,84
"918";"Joel_Hanrahan";"WAS";"Starting_Pitcher";75;215;25,4
"919";"Mike_O'Connor";"WAS";"Starting_Pitcher";75;170;26,54
"920";"Emiliano_Fruto";"WAS";"Relief_Pitcher";75;235;22,73
"921";"Chris_Schroder";"WAS";"Relief_Pitcher";75;210;28,53
"922";"Brett_Campbell";"WAS";"Relief_Pitcher";72;170;25,37
"923";"Beltran_Perez";"WAS";"Relief_Pitcher";74;180;25,35
"924";"Levale_Speigner";"WAS";"Relief_Pitcher";71;170;26,43
"925";"Jason_Bergmann";"WAS";"Relief_Pitcher";76;190;25,43
"926";"Saul_Rivera";"WAS";"Relief_Pitcher";71;150;29,23
"927";"Chris_Booker";"WAS";"Relief_Pitcher";75;230;30,22
"928";"Micah_Bowie";"WAS";"Relief_Pitcher";76;203;32,3
"929";"Jon_Rauch";"WAS";"Relief_Pitcher";83;260;28,42
"930";"Jerome_Williams";"WAS";"Relief_Pitcher";75;246;25,24
"931";"Luis_Ayala";"WAS";"Relief_Pitcher";74;186;29,13
"932";"Ryan_Wagner";"WAS";"Relief_Pitcher";76;210;24,63
"933";"Chad_Cordero";"WAS";"Relief_Pitcher";72;198;24,95
"934";"Humberto_Cota";"PIT";"Catcher";72;210;28,06
"935";"Ronny_Paulino";"PIT";"Catcher";75;215;25,86
"936";"Adam_LaRoche";"PIT";"First_Baseman";75;180;27,32
"937";"Ryan_Doumit";"PIT";"First_Baseman";72;200;25,91
"938";"Brad_Eldred";"PIT";"First_Baseman";77;245;26,63
"939";"Jose_Castillo";"PIT";"Second_Baseman";73;200;25,95
"940";"Jack_Wilson";"PIT";"Shortstop";72;192;29,17
"941";"Freddy_Sanchez";"PIT";"Third_Baseman";70;192;29,19
"942";"Jason_Bay";"PIT";"Outfielder";74;200;28,44
"943";"Jose_Bautista";"PIT";"Outfielder";72;192;26,36
"944";"Xavier_Nady";"PIT";"Outfielder";74;205;28,29
"945";"Jody_Gerut";"PIT";"Outfielder";72;190;29,45
"946";"Nate_McLouth";"PIT";"Outfielder";71;186;25,34
"947";"Chris_Duffy";"PIT";"Outfielder";70;170;26,86
"948";"Rajai_Davis";"PIT";"Outfielder";71;197;26,36
"949";"Shane_Youman";"PIT";"Starting_Pitcher";76;219;27,39
"950";"Yoslan_Herrera";"PIT";"Starting_Pitcher";74;200;25,84
"951";"Josh_Shortslef";"PIT";"Starting_Pitcher";76;220;25,08
"952";"Zach_Duke";"PIT";"Starting_Pitcher";74;207;23,87
"953";"Paul_Maholm";"PIT";"Starting_Pitcher";74;225;24,68
"954";"Tom_Gorzelanny";"PIT";"Starting_Pitcher";74;207;24,64
"955";"Shawn_Chacon";"PIT";"Starting_Pitcher";75;212;29,19
"956";"Tony_Armas_Jr.";"PIT";"Starting_Pitcher";75;225;28,84
"957";"Ian_Snell";"PIT";"Starting_Pitcher";71;170;25,33
"958";"Sean_Burnett";"PIT";"Starting_Pitcher";71;190;24,45
"959";"John_Grabow";"PIT";"Relief_Pitcher";74;210;28,32
"960";"Marty_McLeary";"PIT";"Relief_Pitcher";77;230;32,34
"961";"Salomon_Torres";"PIT";"Relief_Pitcher";71;210;34,97
"962";"Damaso_Marte";"PIT";"Relief_Pitcher";74;200;32,04
"963";"Matt_Capps";"PIT";"Relief_Pitcher";75;238;23,49
"964";"Josh_Sharpless";"PIT";"Relief_Pitcher";77;234;26,09
"965";"Bryan_Bullington";"PIT";"Relief_Pitcher";76;222;26,41
"966";"Jonah_Bayliss";"PIT";"Relief_Pitcher";74;200;26,55
"967";"Brian_Rogers";"PIT";"Relief_Pitcher";76;190;24,62
"968";"Juan_Perez";"PIT";"Relief_Pitcher";72;170;28,49
"969";"Bengie_Molina";"SF";"Catcher";71;220;32,61
"970";"Eliezer_Alfonzo";"SF";"Catcher";72;223;28,06
"971";"Lance_Niekro";"SF";"First_Baseman";75;210;28,08
"972";"Mark_Sweeney";"SF";"First_Baseman";73;215;37,34
"973";"Ray_Durham";"SF";"Second_Baseman";68;196;35,25
"974";"Kevin_Frandsen";"SF";"Second_Baseman";72;175;24,77
"975";"Omar_Vizquel";"SF";"Shortstop";69;175;39,85
"976";"Rich_Aurilia";"SF";"Third_Baseman";73;189;35,49
"977";"Pedro_Feliz";"SF";"Third_Baseman";73;205;31,84
"978";"Todd_Linden";"SF";"Outfielder";75;210;26,67
"979";"Dave_Roberts";"SF";"Outfielder";70;180;34,75
"980";"Jason_Ellison";"SF";"Outfielder";70;180;28,91
"981";"Randy_Winn";"SF";"Outfielder";74;197;32,73
"982";"Ryan_Klesko";"SF";"Outfielder";75;220;35,72
"983";"Barry_Bonds";"SF";"Outfielder";74;228;42,6
"984";"Fred_Lewis";"SF";"Outfielder";74;190;26,22
"985";"Kelyn_Acosta";"SF";"Starting_Pitcher";73;204;21,85
"986";"Jonathan_Sanchez";"SF";"Starting_Pitcher";74;165;24,28
"987";"Matt_Cain";"SF";"Starting_Pitcher";75;216;22,41
"988";"Matt_Morris";"SF";"Starting_Pitcher";77;220;32,56
"989";"Russ_Ortiz";"SF";"Starting_Pitcher";73;208;32,74
"990";"Noah_Lowry";"SF";"Starting_Pitcher";74;210;26,39
"991";"Barry_Zito";"SF";"Starting_Pitcher";76;215;28,8
"992";"Vinnie_Chulk";"SF";"Relief_Pitcher";74;195;28,2
"993";"Kevin_Correia";"SF";"Relief_Pitcher";75;200;26,52
"994";"Steve_Kline";"SF";"Relief_Pitcher";73;215;34,52
"995";"Armando_Benitez";"SF";"Relief_Pitcher";76;229;34,32
"996";"Scott_Munter";"SF";"Relief_Pitcher";78;240;26,98
"997";"Jack_Taschner";"SF";"Relief_Pitcher";75;207;28,86
"998";"Brian_Wilson";"SF";"Relief_Pitcher";73;205;24,96
"999";"Merkin_Valdez";"SF";"Relief_Pitcher";77;208;25,3
"1000";"Brad_Hennessey";"SF";"Relief_Pitcher";74;185;27,06
"1001";"Billy_Sadler";"SF";"Relief_Pitcher";72;190;25,44
"1002";"Pat_Misch";"SF";"Relief_Pitcher";74;170;25,53
"1003";"Gary_Bennett";"STL";"Catcher";72;208;34,87
"1004";"Yadier_Molina";"STL";"Catcher";71;225;24,63
"1005";"John_Nelson";"STL";"First_Baseman";73;190;27,99
"1006";"Albert_Pujols";"STL";"First_Baseman";75;225;27,12
"1007";"Adam_Kennedy";"STL";"Second_Baseman";73;185;31,14
"1008";"Aaron_Miles";"STL";"Second_Baseman";67;180;30,21
"1009";"David_Eckstein";"STL";"Shortstop";67;165;32,11
"1010";"Scott_Rolen";"STL";"Third_Baseman";76;240;31,91
"1011";"Scott_Spiezio";"STL";"Third_Baseman";74;220;34,44
"1012";"Jim_Edmonds";"STL";"Outfielder";73;212;36,68
"1013";"So_Taguchi";"STL";"Outfielder";70;163;37,66
"1014";"Juan_Encarnacion";"STL";"Outfielder";75;215;30,98
"1015";"Skip_Schumaker";"STL";"Outfielder";70;175;27,07
"1016";"John_Rodriguez";"STL";"Outfielder";72;205;29,11
"1017";"Chris_Duncan";"STL";"Outfielder";77;210;25,82
"1018";"Adam_Wainwright";"STL";"Starting_Pitcher";79;205;25,5
"1019";"Mark_Mulder";"STL";"Starting_Pitcher";78;208;29,57
"1020";"Anthony_Reyes";"STL";"Starting_Pitcher";74;215;25,37
"1021";"Ryan_Franklin";"STL";"Starting_Pitcher";75;180;33,99
"1022";"Kip_Wells";"STL";"Starting_Pitcher";75;200;29,86
"1023";"Chris_Carpenter";"STL";"Starting_Pitcher";78;230;31,84
"1024";"Russ_Springer";"STL";"Relief_Pitcher";76;211;38,31
"1025";"Jason_Isringhausen";"STL";"Relief_Pitcher";75;230;34,48
"1026";"Ricardo_Rincon";"STL";"Relief_Pitcher";69;190;36,88
"1027";"Braden_Looper";"STL";"Relief_Pitcher";75;220;32,34
"1028";"Randy_Flores";"STL";"Relief_Pitcher";72;180;31,58
"1029";"Josh_Hancock";"STL";"Relief_Pitcher";75;205;28,89
"1030";"Brad_Thompson";"STL";"Relief_Pitcher";73;190;25,08
"1031";"Tyler_Johnson";"STL";"Relief_Pitcher";74;180;25,73
"1032";"Chris_Narveson";"STL";"Relief_Pitcher";75;205;25,19
"1033";"Randy_Keisler";"STL";"Relief_Pitcher";75;190;31,01
"1034";"Josh_Kinney";"STL";"Relief_Pitcher";73;195;27,92
